Fund Name,Asset Category,Risk Level,Expense Ratio (Direct),3-Year CAGR,AUM (₹ Cr)
Parag Parikh Flexi Cap Fund,Flexi Cap,Very High,0.58%,20.5%,68500
SBI Bluechip Fund,Large Cap,Very High,0.85%,14.2%,46200
Nippon India Small Cap Fund,Small Cap,Very High,0.67%,28.4%,56100
HDFC Mid-Cap Opportunities Fund,Mid Cap,Very High,0.78%,24.1%,62000
UTI Nifty 50 Index Fund,Index (Large Cap),Very High,0.21%,14.5%,19400
ICICI Prudential Corporate Bond Fund,Debt,Low to Moderate,0.32%,6.8%,26800
Kotak Equity Hybrid Fund,Aggressive Hybrid,High,0.81%,16.2%,15300
Quant Active Fund,Multi Cap,Very High,0.75%,22.8%,10800
Mirae Asset Large Cap Fund,Large Cap,Very High,0.54%,13.8%,37900
Axis ELSS Tax Saver Fund,ELSS (Tax Saver),Very High,0.88%,12.5%,31200
